Description,Emojis
Which emoji best represents happiness?,ğŸ˜ƒğŸ˜„ğŸ˜Š
What emoji would you use to express sadness?,ğŸ˜ğŸ˜¢ğŸ˜­
Can you identify an emoji that symbolizes love?,â¤ï¸ğŸ˜ğŸ’˜
What emoji illustrates anger?,ğŸ˜¡ğŸ˜ ğŸ’¢
Which emoji signifies fear?,ğŸ˜±ğŸ˜¨ğŸ˜°
Can you identify an emoji that represents surprise?,ğŸ˜®ğŸ˜²ğŸ˜µ
What emoji would you use to express laughter?,ğŸ˜‚ğŸ¤£ğŸ˜…
Which emoji depicts confusion?,ğŸ¤”ğŸ˜•ğŸ™„
Can you identify an emoji that is used in celebrations?,ğŸ‰ğŸ¥³ğŸŠ
What emoji represents food?,ğŸ”ğŸ•ğŸ£
Which emoji would you use to represent nature?,ğŸŒ²ğŸ‚ğŸŒ»
Can you identify an emoji that represents animals?,ğŸ¶ğŸ±ğŸ¼
What emoji symbolizes sports?,âš½ğŸ€ğŸˆ
Which emoji would you use to represent music?,ğŸµğŸ¶ğŸ¸
Can you identify an emoji that represents travel?,ğŸš—âœˆï¸ğŸ–ï¸
What emoji symbolizes science?,ğŸŒğŸ”¬âš—ï¸
Which emoji would you use to represent technology?,ğŸ’»ğŸ“±âŒš
Can you identify an emoji that represents health and wellness?,ğŸ’ªğŸ§˜â€â™€ï¸ğŸ
What emoji symbolizes reading and writing?,ğŸ“šâœï¸ğŸ“
Which emoji would you use to represent art and creativity?,ğŸ¨ğŸ­ğŸ“¸
What emoji would you use to represent construction?,ğŸš§ğŸ—ï¸ğŸ”§
Which emoji would you use to symbolize money and finance?,ğŸ’°ğŸ’³ğŸ’²
Can you identify an emoji that represents politics?,ğŸ—³ï¸ğŸ›ï¸ğŸ“œ
What emoji symbolizes astronomy?,ğŸŒ ğŸŒ™ğŸ”­
Which emoji would you use to represent marine life?,ğŸ ğŸ¬ğŸ¦ˆ
Can you identify an emoji that represents weather?,â˜€ï¸ğŸŒ§ï¸ğŸŒˆ
What emoji symbolizes fruits?,ğŸğŸŒğŸ‡
Which emoji would you use to represent vegetables?,ğŸ¥¦ğŸ…ğŸ¥•
Can you identify an emoji that represents baking?,ğŸ¥–ğŸ¥ğŸ‚
What emoji symbolizes desserts?,ğŸ¦ğŸ©ğŸ°
Which emoji would you use to represent drinks?,ğŸºğŸ·ğŸµ
Can you identify an emoji that represents holidays?,ğŸ„ğŸƒğŸ†
What emoji symbolizes school and education?,ğŸ’ğŸ«ğŸ“
Which emoji would you use to represent tools and DIY?,ğŸ”¨ğŸ”§ğŸ§°
Can you identify an emoji that represents video games?,ğŸ®ğŸ•¹ï¸ğŸ‘¾
What emoji symbolizes movies and television?,ğŸ¥ğŸ“ºğŸ¿
Which emoji would you use to represent books and literature?,ğŸ“šğŸ–‹ï¸ğŸ“–
Can you identify an emoji that represents photography?,ğŸ“·ğŸï¸ğŸ–¼ï¸
What emoji symbolizes painting and drawing?,ğŸ¨ğŸ–Œï¸ğŸ–¼ï¸
Which emoji would you use to represent sculpture?,ğŸ—¿ğŸ› ï¸ğŸ–¼ï¸
Can you identify an emoji that represents dance?,ğŸ’ƒğŸ•ºğŸ©°
What emoji symbolizes theatre?,ğŸ­ğŸŸï¸ğŸ¬
Which emoji would you use to represent magic and fantasy?,ğŸ§™â€â™€ï¸ğŸ§šâ€â™€ï¸ğŸ¦„
Can you identify an emoji that represents adventure?,ğŸï¸ğŸ•ï¸ğŸ—»
What emoji symbolizes space travel?,ğŸš€ğŸŒŒğŸ›¸
Which emoji would you use to represent superheroes?,ğŸ¦¸â€â™€ï¸ğŸ¦¸â€â™‚ï¸ğŸ¦¹â€â™€ï¸
Can you identify an emoji that represents villains?,ğŸ¦¹â€â™€ï¸ğŸ¦¹â€â™‚ï¸ğŸ¦¹â€â™€ï¸
What emoji symbolizes health professionals?,ğŸ‘¨â€âš•ï¸ğŸ‘©â€âš•ï¸ğŸ’Š
Which emoji would you use to represent law and justice?,ğŸ‘®â€â™€ï¸âš–ï¸ğŸš”
Can you identify an emoji that represents firefighting?,ğŸš’ğŸ”¥ğŸ‘¨â€ğŸš’
What emoji symbolizes military and defense?,ğŸ‘¨â€âœˆï¸ğŸ‘©â€âœˆï¸ğŸª–
Which emoji would you use to represent aviation?,âœˆï¸ğŸšğŸ›«
Can you identify an emoji that represents maritime?,â›´ï¸ğŸš¢ğŸ›¥ï¸
What emoji symbolizes rail and train travel?,ğŸš‚ğŸš†ğŸš„
Which emoji would you use to represent automobiles?,ğŸš—ğŸš•ğŸš™
Can you identify an emoji that represents cycling?,ğŸš´â€â™€ï¸ğŸš´â€â™‚ï¸ğŸš²
What emoji symbolizes running and athletics?,ğŸƒâ€â™€ï¸ğŸƒâ€â™‚ï¸ğŸ‘Ÿ
Which emoji would you use to represent swimming?,ğŸŠâ€â™€ï¸ğŸŠâ€â™‚ï¸ğŸ–ï¸
Can you identify an emoji that represents winter sports?,â›·ï¸ğŸ‚â›¸ï¸
What emoji is often used to represent a melting face?,ğŸ¥µ
Which emoji would you use to convey an upside-down face?,ğŸ™ƒ
"If you were grinning with sweat, which emoji might you use?",ğŸ˜…
Can you identify the emoji that represents a grinning squinting face?,ğŸ˜†
What is the emoji for a grinning face?,ğŸ˜€
Which emoji depicts a grinning face with smiling eyes?,ğŸ˜„
"If you saw an emoji of a grinning face with big eyes, which one would it be?",ğŸ˜ƒ
What is the emoji for blowing a kiss?,ğŸ˜˜
Which emoji represents a smiling face with hearts?,ğŸ¥°
Can you identify the emoji that represents a smiling face with a tear?,ğŸ¥²
What is the emoji for a smiling face with heart-eyes?,ğŸ˜
Which emoji would you use to express that you are star-struck?,ğŸ¤©
"If you were simply smiling, which emoji might you use?",ğŸ˜Š
Can you identify the emoji that represents a kissing face?,ğŸ˜—
What is the emoji for a kissing face with closed eyes?,ğŸ˜š
Which emoji depicts a kissing face with smiling eyes?,ğŸ˜™
What is the emoji for sticking out your tongue?,ğŸ˜›
"If you were feeling zany, which emoji might you use?",ğŸ¤ª
Can you identify the emoji that represents a winking face with tongue?,ğŸ˜œ
What is the emoji for a squinting face with tongue?,ğŸ˜
What emoji is often used to represent a melting face?,ğŸ˜‹
Which emoji would you use to convey an upside-down face?,ğŸ¤‘
"If you were grinning with sweat, which emoji might you use?",ğŸ˜›
Can you identify the emoji that represents a grinning squinting face?,ğŸ¤­
What is the emoji for a grinning face?,ğŸ¤”
Which emoji depicts a grinning face with smiling eyes?,ğŸ¥½
"If you saw an emoji of a grinning face with big eyes, which one would it be?",ğŸ¤—
What is the emoji for blowing a kiss?,ğŸ¥»
Which emoji represents a smiling face with hearts?,ğŸ¤«
Can you identify the emoji that represents a smiling face with a tear?,ğŸ¥º
What is the emoji for a smiling face with heart-eyes?,ğŸ˜‘
Which emoji would you use to express that you are star-struck?,ğŸ™„
"If you were simply smiling, which emoji might you use?",ğŸ˜
Can you identify the emoji that represents a kissing face?,ğŸ˜¬
What is the emoji for a kissing face with closed eyes?,ğŸ¤¨
Which emoji depicts a kissing face with smiling eyes?,ğŸ˜’
What is the emoji for sticking out your tongue?,ğŸ˜
"If you were feeling zany, which emoji might you use?",ğŸ˜‘
Can you identify the emoji that represents a winking face with tongue?,ğŸ˜â€ğŸ’¨
What is the emoji for a squinting face with tongue?,ğŸ˜¶
What emoji is often used to represent a melting face?,ğŸ¥·
Which emoji would you use to convey an upside-down face?,ğŸ¤
"If you were grinning with sweat, which emoji might you use?",ğŸ˜¶â€ğŸŒ«ï¸ğŸ˜Š
Can you identify the emoji that represents a grinning squinting face?,ğŸ¤¥